Comunidades y Ciudades Autónomas;Grupos ECOICOP;Tipo de dato;Periodo;Total
01 Andalucía;Índice general;Índice;2019M12;97,847
01 Andalucía;Índice general;Índice;2019M11;98,071
01 Andalucía;Índice general;Índice;2019M10;97,955
01 Andalucía;Índice general;Índice;2019M09;96,913
01 Andalucía;Índice general;Índice;2019M08;96,716
01 Andalucía;Índice general;Índice;2019M07;96,765
01 Andalucía;Índice general;Índice;2019M06;97,574
01 Andalucía;Índice general;Índice;2019M05;97,810
01 Andalucía;Índice general;Índice;2019M04;97,585
01 Andalucía;Índice general;Índice;2019M03;96,603
01 Andalucía;Índice general;Índice;2019M02;96,168
01 Andalucía;Índice general;Índice;2019M01;95,877
01 Andalucía;Índice general;Índice;2018M12;97,331
01 Andalucía;Índice general;Índice;2018M11;97,807
01 Andalucía;Índice general;Índice;2018M10;97,936
01 Andalucía;Índice general;Índice;2018M09;97,037
01 Andalucía;Índice general;Índice;2018M08;96,629
01 Andalucía;Índice general;Índice;2018M07;96,467
01 Andalucía;Índice general;Índice;2018M06;97,401
01 Andalucía;Índice general;Índice;2018M05;97,223
01 Andalucía;Índice general;Índice;2018M04;96,376
01 Andalucía;Índice general;Índice;2018M03;95,471
01 Andalucía;Índice general;Índice;2018M02;95,336
01 Andalucía;Índice general;Índice;2018M01;95,161
01 Andalucía;Índice general;Índice;2017M12;96,390
01 Andalucía;Índice general;Índice;2017M11;96,448
01 Andalucía;Índice general;Índice;2017M10;95,962
01 Andalucía;Índice general;Índice;2017M09;94,964
01 Andalucía;Índice general;Índice;2017M08;94,626
01 Andalucía;Índice general;Índice;2017M07;94,428
01 Andalucía;Índice general;Índice;2017M06;95,266
01 Andalucía;Índice general;Índice;2017M05;95,342
01 Andalucía;Índice general;Índice;2017M04;95,338
01 Andalucía;Índice general;Índice;2017M03;94,410
01 Andalucía;Índice general;Índice;2017M02;94,331
01 Andalucía;Índice general;Índice;2017M01;94,686
02 Aragón;Índice general;Índice;2019M12;97,907
02 Aragón;Índice general;Índice;2019M11;98,005
02 Aragón;Índice general;Índice;2019M10;97,893
02 Aragón;Índice general;Índice;2019M09;96,895
02 Aragón;Índice general;Índice;2019M08;96,936
02 Aragón;Índice general;Índice;2019M07;96,853
02 Aragón;Índice general;Índice;2019M06;97,519
02 Aragón;Índice general;Índice;2019M05;97,661
02 Aragón;Índice general;Índice;2019M04;97,512
02 Aragón;Índice general;Índice;2019M03;96,472
02 Aragón;Índice general;Índice;2019M02;96,226
02 Aragón;Índice general;Índice;2019M01;95,992
02 Aragón;Índice general;Índice;2018M12;97,155
02 Aragón;Índice general;Índice;2018M11;97,701
02 Aragón;Índice general;Índice;2018M10;97,788
02 Aragón;Índice general;Índice;2018M09;96,766
02 Aragón;Índice general;Índice;2018M08;96,503
02 Aragón;Índice general;Índice;2018M07;96,387
02 Aragón;Índice general;Índice;2018M06;97,103
02 Aragón;Índice general;Índice;2018M05;96,914
02 Aragón;Índice general;Índice;2018M04;96,022
02 Aragón;Índice general;Índice;2018M03;95,289
02 Aragón;Índice general;Índice;2018M02;95,245
02 Aragón;Índice general;Índice;2018M01;95,052
02 Aragón;Índice general;Índice;2017M12;96,020
02 Aragón;Índice general;Índice;2017M11;96,114
02 Aragón;Índice general;Índice;2017M10;95,735
02 Aragón;Índice general;Índice;2017M09;94,546
02 Aragón;Índice general;Índice;2017M08;94,361
02 Aragón;Índice general;Índice;2017M07;94,163
02 Aragón;Índice general;Índice;2017M06;94,935
02 Aragón;Índice general;Índice;2017M05;94,897
02 Aragón;Índice general;Índice;2017M04;94,977
02 Aragón;Índice general;Índice;2017M03;94,226
02 Aragón;Índice general;Índice;2017M02;94,328
02 Aragón;Índice general;Índice;2017M01;94,616
03 Asturias, Principado de;Índice general;Índice;2019M12;98,339
03 Asturias, Principado de;Índice general;Índice;2019M11;98,480
03 Asturias, Principado de;Índice general;Índice;2019M10;98,001
03 Asturias, Principado de;Índice general;Índice;2019M09;96,992
03 Asturias, Principado de;Índice general;Índice;2019M08;97,374
03 Asturias, Principado de;Índice general;Índice;2019M07;97,446
03 Asturias, Principado de;Índice general;Índice;2019M06;98,125
03 Asturias, Principado de;Índice general;Índice;2019M05;98,190
03 Asturias, Principado de;Índice general;Índice;2019M04;97,808
03 Asturias, Principado de;Índice general;Índice;2019M03;96,855
03 Asturias, Principado de;Índice general;Índice;2019M02;96,645
03 Asturias, Principado de;Índice general;Índice;2019M01;96,385
03 Asturias, Principado de;Índice general;Índice;2018M12;97,953
03 Asturias, Principado de;Índice general;Índice;2018M11;98,448
03 Asturias, Principado de;Índice general;Índice;2018M10;98,241
03 Asturias, Principado de;Índice general;Índice;2018M09;97,337
03 Asturias, Principado de;Índice general;Índice;2018M08;97,433
03 Asturias, Principado de;Índice general;Índice;2018M07;97,150
03 Asturias, Principado de;Índice general;Índice;2018M06;97,796
03 Asturias, Principado de;Índice general;Índice;2018M05;97,482
03 Asturias, Principado de;Índice general;Índice;2018M04;96,503
03 Asturias, Principado de;Índice general;Índice;2018M03;95,622
03 Asturias, Principado de;Índice general;Índice;2018M02;95,632
03 Asturias, Principado de;Índice general;Índice;2018M01;95,556
03 Asturias, Principado de;Índice general;Índice;2017M12;96,862
03 Asturias, Principado de;Índice general;Índice;2017M11;96,910
03 Asturias, Principado de;Índice general;Índice;2017M10;96,239
03 Asturias, Principado de;Índice general;Índice;2017M09;95,295
03 Asturias, Principado de;Índice general;Índice;2017M08;95,316
03 Asturias, Principado de;Índice general;Índice;2017M07;94,908
03 Asturias, Principado de;Índice general;Índice;2017M06;95,644
03 Asturias, Principado de;Índice general;Índice;2017M05;95,578
03 Asturias, Principado de;Índice general;Índice;2017M04;95,817
03 Asturias, Principado de;Índice general;Índice;2017M03;94,795
03 Asturias, Principado de;Índice general;Índice;2017M02;94,947
03 Asturias, Principado de;Índice general;Índice;2017M01;95,228
04 Balears, Illes;Índice general;Índice;2019M12;97,781
04 Balears, Illes;Índice general;Índice;2019M11;97,693
04 Balears, Illes;Índice general;Índice;2019M10;97,513
04 Balears, Illes;Índice general;Índice;2019M09;97,062
04 Balears, Illes;Índice general;Índice;2019M08;97,225
04 Balears, Illes;Índice general;Índice;2019M07;97,251
04 Balears, Illes;Índice general;Índice;2019M06;97,506
04 Balears, Illes;Índice general;Índice;2019M05;97,523
04 Balears, Illes;Índice general;Índice;2019M04;97,250
04 Balears, Illes;Índice general;Índice;2019M03;96,367
04 Balears, Illes;Índice general;Índice;2019M02;95,890
04 Balears, Illes;Índice general;Índice;2019M01;95,893
04 Balears, Illes;Índice general;Índice;2018M12;96,838
04 Balears, Illes;Índice general;Índice;2018M11;97,284
04 Balears, Illes;Índice general;Índice;2018M10;97,438
04 Balears, Illes;Índice general;Índice;2018M09;97,007
04 Balears, Illes;Índice general;Índice;2018M08;97,141
04 Balears, Illes;Índice general;Índice;2018M07;97,072
04 Balears, Illes;Índice general;Índice;2018M06;97,542
04 Balears, Illes;Índice general;Índice;2018M05;97,162
04 Balears, Illes;Índice general;Índice;2018M04;96,109
04 Balears, Illes;Índice general;Índice;2018M03;95,289
04 Balears, Illes;Índice general;Índice;2018M02;95,237
04 Balears, Illes;Índice general;Índice;2018M01;95,253
04 Balears, Illes;Índice general;Índice;2017M12;96,148
04 Balears, Illes;Índice general;Índice;2017M11;96,100
04 Balears, Illes;Índice general;Índice;2017M10;95,611
04 Balears, Illes;Índice general;Índice;2017M09;95,204
04 Balears, Illes;Índice general;Índice;2017M08;95,308
04 Balears, Illes;Índice general;Índice;2017M07;95,181
04 Balears, Illes;Índice general;Índice;2017M06;95,418
04 Balears, Illes;Índice general;Índice;2017M05;95,195
04 Balears, Illes;Índice general;Índice;2017M04;95,112
04 Balears, Illes;Índice general;Índice;2017M03;94,258
04 Balears, Illes;Índice general;Índice;2017M02;94,240
04 Balears, Illes;Índice general;Índice;2017M01;94,598
05 Canarias;Índice general;Índice;2019M12;98,232
05 Canarias;Índice general;Índice;2019M11;97,980
05 Canarias;Índice general;Índice;2019M10;97,723
05 Canarias;Índice general;Índice;2019M09;97,141
05 Canarias;Índice general;Índice;2019M08;96,897
05 Canarias;Índice general;Índice;2019M07;96,877
05 Canarias;Índice general;Índice;2019M06;97,621
05 Canarias;Índice general;Índice;2019M05;97,538
05 Canarias;Índice general;Índice;2019M04;97,594
05 Canarias;Índice general;Índice;2019M03;96,831
05 Canarias;Índice general;Índice;2019M02;96,599
05 Canarias;Índice general;Índice;2019M01;96,545
05 Canarias;Índice general;Índice;2018M12;97,819
05 Canarias;Índice general;Índice;2018M11;98,035
05 Canarias;Índice general;Índice;2018M10;97,866
05 Canarias;Índice general;Índice;2018M09;97,119
05 Canarias;Índice general;Índice;2018M08;96,940
05 Canarias;Índice general;Índice;2018M07;96,711
05 Canarias;Índice general;Índice;2018M06;97,634
05 Canarias;Índice general;Índice;2018M05;97,365
05 Canarias;Índice general;Índice;2018M04;96,690
05 Canarias;Índice general;Índice;2018M03;96,049
05 Canarias;Índice general;Índice;2018M02;95,960
05 Canarias;Índice general;Índice;2018M01;95,566
05 Canarias;Índice general;Índice;2017M12;96,445
05 Canarias;Índice general;Índice;2017M11;96,493
05 Canarias;Índice general;Índice;2017M10;96,008
05 Canarias;Índice general;Índice;2017M09;95,211
05 Canarias;Índice general;Índice;2017M08;95,100
05 Canarias;Índice general;Índice;2017M07;95,177
05 Canarias;Índice general;Índice;2017M06;95,866
05 Canarias;Índice general;Índice;2017M05;95,723
05 Canarias;Índice general;Índice;2017M04;95,641
05 Canarias;Índice general;Índice;2017M03;94,923
05 Canarias;Índice general;Índice;2017M02;94,636
05 Canarias;Índice general;Índice;2017M01;94,848
06 Cantabria;Índice general;Índice;2019M12;98,194
06 Cantabria;Índice general;Índice;2019M11;98,223
06 Cantabria;Índice general;Índice;2019M10;97,752
06 Cantabria;Índice general;Índice;2019M09;96,819
06 Cantabria;Índice general;Índice;2019M08;97,232
06 Cantabria;Índice general;Índice;2019M07;97,018
06 Cantabria;Índice general;Índice;2019M06;97,488
06 Cantabria;Índice general;Índice;2019M05;97,679
06 Cantabria;Índice general;Índice;2019M04;97,260
06 Cantabria;Índice general;Índice;2019M03;96,364
06 Cantabria;Índice general;Índice;2019M02;96,143
06 Cantabria;Índice general;Índice;2019M01;96,024
06 Cantabria;Índice general;Índice;2018M12;97,276
06 Cantabria;Índice general;Índice;2018M11;97,824
06 Cantabria;Índice general;Índice;2018M10;97,724
06 Cantabria;Índice general;Índice;2018M09;96,741
06 Cantabria;Índice general;Índice;2018M08;96,968
06 Cantabria;Índice general;Índice;2018M07;96,634
06 Cantabria;Índice general;Índice;2018M06;97,103
06 Cantabria;Índice general;Índice;2018M05;96,736
06 Cantabria;Índice general;Índice;2018M04;95,784
06 Cantabria;Índice general;Índice;2018M03;95,154
06 Cantabria;Índice general;Índice;2018M02;95,134
06 Cantabria;Índice general;Índice;2018M01;95,161
06 Cantabria;Índice general;Índice;2017M12;96,288
06 Cantabria;Índice general;Índice;2017M11;96,256
06 Cantabria;Índice general;Índice;2017M10;95,459
06 Cantabria;Índice general;Índice;2017M09;94,662
06 Cantabria;Índice general;Índice;2017M08;94,702
06 Cantabria;Índice general;Índice;2017M07;94,295
06 Cantabria;Índice general;Índice;2017M06;94,699
06 Cantabria;Índice general;Índice;2017M05;94,700
06 Cantabria;Índice general;Índice;2017M04;94,625
06 Cantabria;Índice general;Índice;2017M03;94,054
06 Cantabria;Índice general;Índice;2017M02;94,206
06 Cantabria;Índice general;Índice;2017M01;94,768
07 Castilla y León;Índice general;Índice;2019M12;97,980
07 Castilla y León;Índice general;Índice;2019M11;98,050
07 Castilla y León;Índice general;Índice;2019M10;97,939
07 Castilla y León;Índice general;Índice;2019M09;96,928
07 Castilla y León;Índice general;Índice;2019M08;96,760
07 Castilla y León;Índice general;Índice;2019M07;96,926
07 Castilla y León;Índice general;Índice;2019M06;97,506
07 Castilla y León;Índice general;Índice;2019M05;97,698
07 Castilla y León;Índice general;Índice;2019M04;97,471
07 Castilla y León;Índice general;Índice;2019M03;96,446
07 Castilla y León;Índice general;Índice;2019M02;96,072
07 Castilla y León;Índice general;Índice;2019M01;95,931
07 Castilla y León;Índice general;Índice;2018M12;97,042
07 Castilla y León;Índice general;Índice;2018M11;97,607
07 Castilla y León;Índice general;Índice;2018M10;97,835
07 Castilla y León;Índice general;Índice;2018M09;96,856
07 Castilla y León;Índice general;Índice;2018M08;96,387
07 Castilla y León;Índice general;Índice;2018M07;96,252
07 Castilla y León;Índice general;Índice;2018M06;97,017
07 Castilla y León;Índice general;Índice;2018M05;96,664
07 Castilla y León;Índice general;Índice;2018M04;95,718
07 Castilla y León;Índice general;Índice;2018M03;94,914
07 Castilla y León;Índice general;Índice;2018M02;94,858
07 Castilla y León;Índice general;Índice;2018M01;94,852
07 Castilla y León;Índice general;Índice;2017M12;95,900
07 Castilla y León;Índice general;Índice;2017M11;95,899
07 Castilla y León;Índice general;Índice;2017M10;95,443
07 Castilla y León;Índice general;Índice;2017M09;94,420
07 Castilla y León;Índice general;Índice;2017M08;94,150
07 Castilla y León;Índice general;Índice;2017M07;93,965
07 Castilla y León;Índice general;Índice;2017M06;94,719
07 Castilla y León;Índice general;Índice;2017M05;94,708
07 Castilla y León;Índice general;Índice;2017M04;94,724
07 Castilla y León;Índice general;Índice;2017M03;93,939
07 Castilla y León;Índice general;Índice;2017M02;94,087
07 Castilla y León;Índice general;Índice;2017M01;94,367
08 Castilla - La Mancha;Índice general;Índice;2019M12;97,999
08 Castilla - La Mancha;Índice general;Índice;2019M11;98,121
08 Castilla - La Mancha;Índice general;Índice;2019M10;98,006
08 Castilla - La Mancha;Índice general;Índice;2019M09;96,588
08 Castilla - La Mancha;Índice general;Índice;2019M08;96,434
08 Castilla - La Mancha;Índice general;Índice;2019M07;96,591
08 Castilla - La Mancha;Índice general;Índice;2019M06;97,371
08 Castilla - La Mancha;Índice general;Índice;2019M05;97,524
08 Castilla - La Mancha;Índice general;Índice;2019M04;97,406
08 Castilla - La Mancha;Índice general;Índice;2019M03;96,350
08 Castilla - La Mancha;Índice general;Índice;2019M02;95,883
08 Castilla - La Mancha;Índice general;Índice;2019M01;95,635
08 Castilla - La Mancha;Índice general;Índice;2018M12;97,101
08 Castilla - La Mancha;Índice general;Índice;2018M11;97,835
08 Castilla - La Mancha;Índice general;Índice;2018M10;97,970
08 Castilla - La Mancha;Índice general;Índice;2018M09;96,816
08 Castilla - La Mancha;Índice general;Índice;2018M08;96,341
08 Castilla - La Mancha;Índice general;Índice;2018M07;96,244
08 Castilla - La Mancha;Índice general;Índice;2018M06;97,130
08 Castilla - La Mancha;Índice general;Índice;2018M05;96,820
08 Castilla - La Mancha;Índice general;Índice;2018M04;95,897
08 Castilla - La Mancha;Índice general;Índice;2018M03;94,989
08 Castilla - La Mancha;Índice general;Índice;2018M02;94,890
08 Castilla - La Mancha;Índice general;Índice;2018M01;94,941
08 Castilla - La Mancha;Índice general;Índice;2017M12;95,989
08 Castilla - La Mancha;Índice general;Índice;2017M11;95,928
08 Castilla - La Mancha;Índice general;Índice;2017M10;95,492
08 Castilla - La Mancha;Índice general;Índice;2017M09;94,296
08 Castilla - La Mancha;Índice general;Índice;2017M08;93,987
08 Castilla - La Mancha;Índice general;Índice;2017M07;93,813
08 Castilla - La Mancha;Índice general;Índice;2017M06;94,665
08 Castilla - La Mancha;Índice general;Índice;2017M05;94,594
08 Castilla - La Mancha;Índice general;Índice;2017M04;94,786
08 Castilla - La Mancha;Índice general;Índice;2017M03;93,953
08 Castilla - La Mancha;Índice general;Índice;2017M02;94,006
08 Castilla - La Mancha;Índice general;Índice;2017M01;94,366
09 Cataluña;Índice general;Índice;2019M12;98,352
09 Cataluña;Índice general;Índice;2019M11;98,265
09 Cataluña;Índice general;Índice;2019M10;98,155
09 Cataluña;Índice general;Índice;2019M09;97,344
09 Cataluña;Índice general;Índice;2019M08;97,583
09 Cataluña;Índice general;Índice;2019M07;97,567
09 Cataluña;Índice general;Índice;2019M06;98,094
09 Cataluña;Índice general;Índice;2019M05;98,058
09 Cataluña;Índice general;Índice;2019M04;97,834
09 Cataluña;Índice general;Índice;2019M03;96,839
09 Cataluña;Índice general;Índice;2019M02;96,499
09 Cataluña;Índice general;Índice;2019M01;96,230
09 Cataluña;Índice general;Índice;2018M12;97,467
09 Cataluña;Índice general;Índice;2018M11;97,754
09 Cataluña;Índice general;Índice;2018M10;97,905
09 Cataluña;Índice general;Índice;2018M09;97,042
09 Cataluña;Índice general;Índice;2018M08;96,978
09 Cataluña;Índice general;Índice;2018M07;96,822
09 Cataluña;Índice general;Índice;2018M06;97,374
09 Cataluña;Índice general;Índice;2018M05;97,116
09 Cataluña;Índice general;Índice;2018M04;96,204
09 Cataluña;Índice general;Índice;2018M03;95,540
09 Cataluña;Índice general;Índice;2018M02;95,428
09 Cataluña;Índice general;Índice;2018M01;95,240
09 Cataluña;Índice general;Índice;2017M12;96,124
09 Cataluña;Índice general;Índice;2017M11;95,950
09 Cataluña;Índice general;Índice;2017M10;95,604
09 Cataluña;Índice general;Índice;2017M09;94,881
09 Cataluña;Índice general;Índice;2017M08;94,890
09 Cataluña;Índice general;Índice;2017M07;94,646
09 Cataluña;Índice general;Índice;2017M06;95,077
09 Cataluña;Índice general;Índice;2017M05;94,973
09 Cataluña;Índice general;Índice;2017M04;95,038
09 Cataluña;Índice general;Índice;2017M03;94,146
09 Cataluña;Índice general;Índice;2017M02;94,153
09 Cataluña;Índice general;Índice;2017M01;94,428
10 Comunitat Valenciana;Índice general;Índice;2019M12;97,909
10 Comunitat Valenciana;Índice general;Índice;2019M11;98,007
10 Comunitat Valenciana;Índice general;Índice;2019M10;97,882
10 Comunitat Valenciana;Índice general;Índice;2019M09;96,847
10 Comunitat Valenciana;Índice general;Índice;2019M08;96,990
10 Comunitat Valenciana;Índice general;Índice;2019M07;96,972
10 Comunitat Valenciana;Índice general;Índice;2019M06;97,636
10 Comunitat Valenciana;Índice general;Índice;2019M05;97,830
10 Comunitat Valenciana;Índice general;Índice;2019M04;97,603
10 Comunitat Valenciana;Índice general;Índice;2019M03;96,520
10 Comunitat Valenciana;Índice general;Índice;2019M02;96,173
10 Comunitat Valenciana;Índice general;Índice;2019M01;96,036
10 Comunitat Valenciana;Índice general;Índice;2018M12;97,251
10 Comunitat Valenciana;Índice general;Índice;2018M11;97,750
10 Comunitat Valenciana;Índice general;Índice;2018M10;97,918
10 Comunitat Valenciana;Índice general;Índice;2018M09;97,078
10 Comunitat Valenciana;Índice general;Índice;2018M08;96,994
10 Comunitat Valenciana;Índice general;Índice;2018M07;96,717
10 Comunitat Valenciana;Índice general;Índice;2018M06;97,485
10 Comunitat Valenciana;Índice general;Índice;2018M05;97,193
10 Comunitat Valenciana;Índice general;Índice;2018M04;96,209
10 Comunitat Valenciana;Índice general;Índice;2018M03;95,322
10 Comunitat Valenciana;Índice general;Índice;2018M02;95,259
10 Comunitat Valenciana;Índice general;Índice;2018M01;95,072
10 Comunitat Valenciana;Índice general;Índice;2017M12;96,149
10 Comunitat Valenciana;Índice general;Índice;2017M11;96,126
10 Comunitat Valenciana;Índice general;Índice;2017M10;95,668
10 Comunitat Valenciana;Índice general;Índice;2017M09;94,740
10 Comunitat Valenciana;Índice general;Índice;2017M08;94,729
10 Comunitat Valenciana;Índice general;Índice;2017M07;94,528
10 Comunitat Valenciana;Índice general;Índice;2017M06;95,222
10 Comunitat Valenciana;Índice general;Índice;2017M05;95,183
10 Comunitat Valenciana;Índice general;Índice;2017M04;95,133
10 Comunitat Valenciana;Índice general;Índice;2017M03;94,134
10 Comunitat Valenciana;Índice general;Índice;2017M02;94,204
10 Comunitat Valenciana;Índice general;Índice;2017M01;94,675
11 Extremadura;Índice general;Índice;2019M12;97,705
11 Extremadura;Índice general;Índice;2019M11;98,013
11 Extremadura;Índice general;Índice;2019M10;98,005
11 Extremadura;Índice general;Índice;2019M09;96,337
11 Extremadura;Índice general;Índice;2019M08;96,203
11 Extremadura;Índice general;Índice;2019M07;96,380
11 Extremadura;Índice general;Índice;2019M06;97,449
11 Extremadura;Índice general;Índice;2019M05;97,643
11 Extremadura;Índice general;Índice;2019M04;97,603
11 Extremadura;Índice general;Índice;2019M03;96,216
11 Extremadura;Índice general;Índice;2019M02;95,839
11 Extremadura;Índice general;Índice;2019M01;95,734
11 Extremadura;Índice general;Índice;2018M12;97,059
11 Extremadura;Índice general;Índice;2018M11;97,724
11 Extremadura;Índice general;Índice;2018M10;97,862
11 Extremadura;Índice general;Índice;2018M09;96,689
11 Extremadura;Índice general;Índice;2018M08;96,219
11 Extremadura;Índice general;Índice;2018M07;96,125
11 Extremadura;Índice general;Índice;2018M06;97,182
11 Extremadura;Índice general;Índice;2018M05;96,912
11 Extremadura;Índice general;Índice;2018M04;96,117
11 Extremadura;Índice general;Índice;2018M03;95,051
11 Extremadura;Índice general;Índice;2018M02;94,895
11 Extremadura;Índice general;Índice;2018M01;94,829
11 Extremadura;Índice general;Índice;2017M12;96,033
11 Extremadura;Índice general;Índice;2017M11;96,033
11 Extremadura;Índice general;Índice;2017M10;95,687
11 Extremadura;Índice general;Índice;2017M09;94,443
11 Extremadura;Índice general;Índice;2017M08;94,179
11 Extremadura;Índice general;Índice;2017M07;94,132
11 Extremadura;Índice general;Índice;2017M06;95,197
11 Extremadura;Índice general;Índice;2017M05;95,222
11 Extremadura;Índice general;Índice;2017M04;95,124
11 Extremadura;Índice general;Índice;2017M03;94,091
11 Extremadura;Índice general;Índice;2017M02;94,211
11 Extremadura;Índice general;Índice;2017M01;94,616
12 Galicia;Índice general;Índice;2019M12;97,858
12 Galicia;Índice general;Índice;2019M11;97,996
12 Galicia;Índice general;Índice;2019M10;97,690
12 Galicia;Índice general;Índice;2019M09;96,517
12 Galicia;Índice general;Índice;2019M08;96,544
12 Galicia;Índice general;Índice;2019M07;96,713
12 Galicia;Índice general;Índice;2019M06;97,361
12 Galicia;Índice general;Índice;2019M05;97,537
12 Galicia;Índice general;Índice;2019M04;97,266
12 Galicia;Índice general;Índice;2019M03;96,295
12 Galicia;Índice general;Índice;2019M02;95,855
12 Galicia;Índice general;Índice;2019M01;95,669
12 Galicia;Índice general;Índice;2018M12;97,134
12 Galicia;Índice general;Índice;2018M11;97,772
12 Galicia;Índice general;Índice;2018M10;97,806
12 Galicia;Índice general;Índice;2018M09;96,747
12 Galicia;Índice general;Índice;2018M08;96,458
12 Galicia;Índice general;Índice;2018M07;96,263
12 Galicia;Índice general;Índice;2018M06;97,067
12 Galicia;Índice general;Índice;2018M05;96,780
12 Galicia;Índice general;Índice;2018M04;95,968
12 Galicia;Índice general;Índice;2018M03;95,008
12 Galicia;Índice general;Índice;2018M02;94,884
12 Galicia;Índice general;Índice;2018M01;94,893
12 Galicia;Índice general;Índice;2017M12;96,160
12 Galicia;Índice general;Índice;2017M11;96,260
12 Galicia;Índice general;Índice;2017M10;95,604
12 Galicia;Índice general;Índice;2017M09;94,535
12 Galicia;Índice general;Índice;2017M08;94,339
12 Galicia;Índice general;Índice;2017M07;94,067
12 Galicia;Índice general;Índice;2017M06;94,871
12 Galicia;Índice general;Índice;2017M05;94,878
12 Galicia;Índice general;Índice;2017M04;94,869
12 Galicia;Índice general;Índice;2017M03;94,011
12 Galicia;Índice general;Índice;2017M02;93,993
12 Galicia;Índice general;Índice;2017M01;94,346
13 Madrid, Comunidad de;Índice general;Índice;2019M12;98,424
13 Madrid, Comunidad de;Índice general;Índice;2019M11;98,433
13 Madrid, Comunidad de;Índice general;Índice;2019M10;98,289
13 Madrid, Comunidad de;Índice general;Índice;2019M09;97,564
13 Madrid, Comunidad de;Índice general;Índice;2019M08;97,398
13 Madrid, Comunidad de;Índice general;Índice;2019M07;97,525
13 Madrid, Comunidad de;Índice general;Índice;2019M06;97,878
13 Madrid, Comunidad de;Índice general;Índice;2019M05;98,031
13 Madrid, Comunidad de;Índice general;Índice;2019M04;97,950
13 Madrid, Comunidad de;Índice general;Índice;2019M03;97,171
13 Madrid, Comunidad de;Índice general;Índice;2019M02;96,912
13 Madrid, Comunidad de;Índice general;Índice;2019M01;96,620
13 Madrid, Comunidad de;Índice general;Índice;2018M12;97,579
13 Madrid, Comunidad de;Índice general;Índice;2018M11;97,848
13 Madrid, Comunidad de;Índice general;Índice;2018M10;97,954
13 Madrid, Comunidad de;Índice general;Índice;2018M09;97,172
13 Madrid, Comunidad de;Índice general;Índice;2018M08;96,750
13 Madrid, Comunidad de;Índice general;Índice;2018M07;96,744
13 Madrid, Comunidad de;Índice general;Índice;2018M06;97,208
13 Madrid, Comunidad de;Índice general;Índice;2018M05;97,008
13 Madrid, Comunidad de;Índice general;Índice;2018M04;96,264
13 Madrid, Comunidad de;Índice general;Índice;2018M03;95,636
13 Madrid, Comunidad de;Índice general;Índice;2018M02;95,491
13 Madrid, Comunidad de;Índice general;Índice;2018M01;95,401
13 Madrid, Comunidad de;Índice general;Índice;2017M12;96,213
13 Madrid, Comunidad de;Índice general;Índice;2017M11;96,031
13 Madrid, Comunidad de;Índice general;Índice;2017M10;95,738
13 Madrid, Comunidad de;Índice general;Índice;2017M09;95,151
13 Madrid, Comunidad de;Índice general;Índice;2017M08;94,802
13 Madrid, Comunidad de;Índice general;Índice;2017M07;94,659
13 Madrid, Comunidad de;Índice general;Índice;2017M06;95,224
13 Madrid, Comunidad de;Índice general;Índice;2017M05;95,098
13 Madrid, Comunidad de;Índice general;Índice;2017M04;95,315
13 Madrid, Comunidad de;Índice general;Índice;2017M03;94,357
13 Madrid, Comunidad de;Índice general;Índice;2017M02;94,456
13 Madrid, Comunidad de;Índice general;Índice;2017M01;94,769
14 Murcia, Región de;Índice general;Índice;2019M12;98,177
14 Murcia, Región de;Índice general;Índice;2019M11;98,434
14 Murcia, Región de;Índice general;Índice;2019M10;97,978
14 Murcia, Región de;Índice general;Índice;2019M09;96,879
14 Murcia, Región de;Índice general;Índice;2019M08;96,973
14 Murcia, Región de;Índice general;Índice;2019M07;96,969
14 Murcia, Región de;Índice general;Índice;2019M06;97,906
14 Murcia, Región de;Índice general;Índice;2019M05;97,986
14 Murcia, Región de;Índice general;Índice;2019M04;97,864
14 Murcia, Región de;Índice general;Índice;2019M03;96,630
14 Murcia, Región de;Índice general;Índice;2019M02;96,260
14 Murcia, Región de;Índice general;Índice;2019M01;96,085
14 Murcia, Región de;Índice general;Índice;2018M12;97,495
14 Murcia, Región de;Índice general;Índice;2018M11;98,069
14 Murcia, Región de;Índice general;Índice;2018M10;98,085
14 Murcia, Región de;Índice general;Índice;2018M09;96,974
14 Murcia, Región de;Índice general;Índice;2018M08;96,969
14 Murcia, Región de;Índice general;Índice;2018M07;96,815
14 Murcia, Región de;Índice general;Índice;2018M06;97,866
14 Murcia, Región de;Índice general;Índice;2018M05;97,535
14 Murcia, Región de;Índice general;Índice;2018M04;96,761
14 Murcia, Región de;Índice general;Índice;2018M03;95,724
14 Murcia, Región de;Índice general;Índice;2018M02;95,646
14 Murcia, Región de;Índice general;Índice;2018M01;95,471
14 Murcia, Región de;Índice general;Índice;2017M12;96,671
14 Murcia, Región de;Índice general;Índice;2017M11;96,688
14 Murcia, Región de;Índice general;Índice;2017M10;96,038
14 Murcia, Región de;Índice general;Índice;2017M09;94,884
14 Murcia, Región de;Índice general;Índice;2017M08;94,954
14 Murcia, Región de;Índice general;Índice;2017M07;94,755
14 Murcia, Región de;Índice general;Índice;2017M06;95,817
14 Murcia, Región de;Índice general;Índice;2017M05;95,981
14 Murcia, Región de;Índice general;Índice;2017M04;96,103
14 Murcia, Región de;Índice general;Índice;2017M03;94,914
14 Murcia, Región de;Índice general;Índice;2017M02;95,092
14 Murcia, Región de;Índice general;Índice;2017M01;95,452
15 Navarra, Comunidad Foral de;Índice general;Índice;2019M12;98,215
15 Navarra, Comunidad Foral de;Índice general;Índice;2019M11;98,310
15 Navarra, Comunidad Foral de;Índice general;Índice;2019M10;97,772
15 Navarra, Comunidad Foral de;Índice general;Índice;2019M09;97,065
15 Navarra, Comunidad Foral de;Índice general;Índice;2019M08;97,117
15 Navarra, Comunidad Foral de;Índice general;Índice;2019M07;97,586
15 Navarra, Comunidad Foral de;Índice general;Índice;2019M06;97,872
15 Navarra, Comunidad Foral de;Índice general;Índice;2019M05;97,830
15 Navarra, Comunidad Foral de;Índice general;Índice;2019M04;97,495
15 Navarra, Comunidad Foral de;Índice general;Índice;2019M03;96,389
15 Navarra, Comunidad Foral de;Índice general;Índice;2019M02;96,112
15 Navarra, Comunidad Foral de;Índice general;Índice;2019M01;95,803
15 Navarra, Comunidad Foral de;Índice general;Índice;2018M12;96,988
15 Navarra, Comunidad Foral de;Índice general;Índice;2018M11;97,440
15 Navarra, Comunidad Foral de;Índice general;Índice;2018M10;97,282
15 Navarra, Comunidad Foral de;Índice general;Índice;2018M09;96,420
15 Navarra, Comunidad Foral de;Índice general;Índice;2018M08;96,266
15 Navarra, Comunidad Foral de;Índice general;Índice;2018M07;96,597
15 Navarra, Comunidad Foral de;Índice general;Índice;2018M06;96,925
15 Navarra, Comunidad Foral de;Índice general;Índice;2018M05;96,618
15 Navarra, Comunidad Foral de;Índice general;Índice;2018M04;95,452
15 Navarra, Comunidad Foral de;Índice general;Índice;2018M03;94,821
15 Navarra, Comunidad Foral de;Índice general;Índice;2018M02;94,632
15 Navarra, Comunidad Foral de;Índice general;Índice;2018M01;94,579
15 Navarra, Comunidad Foral de;Índice general;Índice;2017M12;95,700
15 Navarra, Comunidad Foral de;Índice general;Índice;2017M11;95,704
15 Navarra, Comunidad Foral de;Índice general;Índice;2017M10;94,950
15 Navarra, Comunidad Foral de;Índice general;Índice;2017M09;94,123
15 Navarra, Comunidad Foral de;Índice general;Índice;2017M08;94,045
15 Navarra, Comunidad Foral de;Índice general;Índice;2017M07;94,298
15 Navarra, Comunidad Foral de;Índice general;Índice;2017M06;94,587
15 Navarra, Comunidad Foral de;Índice general;Índice;2017M05;94,596
15 Navarra, Comunidad Foral de;Índice general;Índice;2017M04;94,624
15 Navarra, Comunidad Foral de;Índice general;Índice;2017M03;93,864
15 Navarra, Comunidad Foral de;Índice general;Índice;2017M02;93,898
15 Navarra, Comunidad Foral de;Índice general;Índice;2017M01;94,258
16 País Vasco;Índice general;Índice;2019M12;97,880
16 País Vasco;Índice general;Índice;2019M11;98,149
16 País Vasco;Índice general;Índice;2019M10;98,037
16 País Vasco;Índice general;Índice;2019M09;97,016
16 País Vasco;Índice general;Índice;2019M08;97,060
16 País Vasco;Índice general;Índice;2019M07;97,043
16 País Vasco;Índice general;Índice;2019M06;97,524
16 País Vasco;Índice general;Índice;2019M05;97,572
16 País Vasco;Índice general;Índice;2019M04;97,354
16 País Vasco;Índice general;Índice;2019M03;96,404
16 País Vasco;Índice general;Índice;2019M02;96,009
16 País Vasco;Índice general;Índice;2019M01;95,585
16 País Vasco;Índice general;Índice;2018M12;96,760
16 País Vasco;Índice general;Índice;2018M11;97,343
16 País Vasco;Índice general;Índice;2018M10;97,580
16 País Vasco;Índice general;Índice;2018M09;96,561
16 País Vasco;Índice general;Índice;2018M08;96,449
16 País Vasco;Índice general;Índice;2018M07;96,310
16 País Vasco;Índice general;Índice;2018M06;96,798
16 País Vasco;Índice general;Índice;2018M05;96,575
16 País Vasco;Índice general;Índice;2018M04;95,767
16 País Vasco;Índice general;Índice;2018M03;95,006
16 País Vasco;Índice general;Índice;2018M02;94,766
16 País Vasco;Índice general;Índice;2018M01;94,665
16 País Vasco;Índice general;Índice;2017M12;95,832
16 País Vasco;Índice general;Índice;2017M11;95,869
16 País Vasco;Índice general;Índice;2017M10;95,514
16 País Vasco;Índice general;Índice;2017M09;94,546
16 País Vasco;Índice general;Índice;2017M08;94,416
16 País Vasco;Índice general;Índice;2017M07;94,165
16 País Vasco;Índice general;Índice;2017M06;94,631
16 País Vasco;Índice general;Índice;2017M05;94,659
16 País Vasco;Índice general;Índice;2017M04;94,780
16 País Vasco;Índice general;Índice;2017M03;93,923
16 País Vasco;Índice general;Índice;2017M02;93,821
16 País Vasco;Índice general;Índice;2017M01;94,240
17 Rioja, La;Índice general;Índice;2019M12;98,426
17 Rioja, La;Índice general;Índice;2019M11;98,451
17 Rioja, La;Índice general;Índice;2019M10;98,028
17 Rioja, La;Índice general;Índice;2019M09;96,912
17 Rioja, La;Índice general;Índice;2019M08;97,058
17 Rioja, La;Índice general;Índice;2019M07;97,144
17 Rioja, La;Índice general;Índice;2019M06;98,211
17 Rioja, La;Índice general;Índice;2019M05;98,264
17 Rioja, La;Índice general;Índice;2019M04;97,824
17 Rioja, La;Índice general;Índice;2019M03;96,330
17 Rioja, La;Índice general;Índice;2019M02;96,314
17 Rioja, La;Índice general;Índice;2019M01;96,050
17 Rioja, La;Índice general;Índice;2018M12;97,408
17 Rioja, La;Índice general;Índice;2018M11;97,812
17 Rioja, La;Índice general;Índice;2018M10;97,644
17 Rioja, La;Índice general;Índice;2018M09;96,525
17 Rioja, La;Índice general;Índice;2018M08;96,499
17 Rioja, La;Índice general;Índice;2018M07;96,428
17 Rioja, La;Índice general;Índice;2018M06;97,498
17 Rioja, La;Índice general;Índice;2018M05;97,210
17 Rioja, La;Índice general;Índice;2018M04;96,184
17 Rioja, La;Índice general;Índice;2018M03;95,087
17 Rioja, La;Índice general;Índice;2018M02;95,224
17 Rioja, La;Índice general;Índice;2018M01;94,997
17 Rioja, La;Índice general;Índice;2017M12;96,291
17 Rioja, La;Índice general;Índice;2017M11;96,280
17 Rioja, La;Índice general;Índice;2017M10;95,683
17 Rioja, La;Índice general;Índice;2017M09;94,466
17 Rioja, La;Índice general;Índice;2017M08;94,397
17 Rioja, La;Índice general;Índice;2017M07;94,260
17 Rioja, La;Índice general;Índice;2017M06;95,536
17 Rioja, La;Índice general;Índice;2017M05;95,504
17 Rioja, La;Índice general;Índice;2017M04;95,379
17 Rioja, La;Índice general;Índice;2017M03;94,099
17 Rioja, La;Índice general;Índice;2017M02;94,375
17 Rioja, La;Índice general;Índice;2017M01;94,765
18 Ceuta;Índice general;Índice;2019M12;98,526
18 Ceuta;Índice general;Índice;2019M11;98,589
18 Ceuta;Índice general;Índice;2019M10;98,360
18 Ceuta;Índice general;Índice;2019M09;97,230
18 Ceuta;Índice general;Índice;2019M08;96,867
18 Ceuta;Índice general;Índice;2019M07;97,154
18 Ceuta;Índice general;Índice;2019M06;98,261
18 Ceuta;Índice general;Índice;2019M05;98,682
18 Ceuta;Índice general;Índice;2019M04;98,963
18 Ceuta;Índice general;Índice;2019M03;97,722
18 Ceuta;Índice general;Índice;2019M02;96,825
18 Ceuta;Índice general;Índice;2019M01;96,802
18 Ceuta;Índice general;Índice;2018M12;98,228
18 Ceuta;Índice general;Índice;2018M11;98,375
18 Ceuta;Índice general;Índice;2018M10;98,657
18 Ceuta;Índice general;Índice;2018M09;97,799
18 Ceuta;Índice general;Índice;2018M08;97,288
18 Ceuta;Índice general;Índice;2018M07;97,228
18 Ceuta;Índice general;Índice;2018M06;98,398
18 Ceuta;Índice general;Índice;2018M05;98,073
18 Ceuta;Índice general;Índice;2018M04;97,599
18 Ceuta;Índice general;Índice;2018M03;96,586
18 Ceuta;Índice general;Índice;2018M02;96,032
18 Ceuta;Índice general;Índice;2018M01;96,013
18 Ceuta;Índice general;Índice;2017M12;97,542
18 Ceuta;Índice general;Índice;2017M11;97,476
18 Ceuta;Índice general;Índice;2017M10;97,367
18 Ceuta;Índice general;Índice;2017M09;96,366
18 Ceuta;Índice general;Índice;2017M08;95,978
18 Ceuta;Índice general;Índice;2017M07;96,015
18 Ceuta;Índice general;Índice;2017M06;97,314
18 Ceuta;Índice general;Índice;2017M05;97,373
18 Ceuta;Índice general;Índice;2017M04;97,344
18 Ceuta;Índice general;Índice;2017M03;96,245
18 Ceuta;Índice general;Índice;2017M02;95,758
18 Ceuta;Índice general;Índice;2017M01;96,285
19 Melilla;Índice general;Índice;2019M12;97,274
19 Melilla;Índice general;Índice;2019M11;96,940
19 Melilla;Índice general;Índice;2019M10;97,146
19 Melilla;Índice general;Índice;2019M09;96,224
19 Melilla;Índice general;Índice;2019M08;95,687
19 Melilla;Índice general;Índice;2019M07;95,799
19 Melilla;Índice general;Índice;2019M06;96,612
19 Melilla;Índice general;Índice;2019M05;96,562
19 Melilla;Índice general;Índice;2019M04;96,705
19 Melilla;Índice general;Índice;2019M03;95,618
19 Melilla;Índice general;Índice;2019M02;94,764
19 Melilla;Índice general;Índice;2019M01;94,760
19 Melilla;Índice general;Índice;2018M12;96,769
19 Melilla;Índice general;Índice;2018M11;97,314
19 Melilla;Índice general;Índice;2018M10;97,325
19 Melilla;Índice general;Índice;2018M09;96,507
19 Melilla;Índice general;Índice;2018M08;95,862
19 Melilla;Índice general;Índice;2018M07;96,379
19 Melilla;Índice general;Índice;2018M06;97,618
19 Melilla;Índice general;Índice;2018M05;97,284
19 Melilla;Índice general;Índice;2018M04;96,573
19 Melilla;Índice general;Índice;2018M03;95,659
19 Melilla;Índice general;Índice;2018M02;95,236
19 Melilla;Índice general;Índice;2018M01;95,262
19 Melilla;Índice general;Índice;2017M12;97,058
19 Melilla;Índice general;Índice;2017M11;96,885
19 Melilla;Índice general;Índice;2017M10;96,513
19 Melilla;Índice general;Índice;2017M09;95,442
19 Melilla;Índice general;Índice;2017M08;94,809
19 Melilla;Índice general;Índice;2017M07;94,694
19 Melilla;Índice general;Índice;2017M06;95,851
19 Melilla;Índice general;Índice;2017M05;95,861
19 Melilla;Índice general;Índice;2017M04;95,838
19 Melilla;Índice general;Índice;2017M03;94,865
19 Melilla;Índice general;Índice;2017M02;94,224
19 Melilla;Índice general;Índice;2017M01;94,696
